ts,run_id,order_id,activity,state,battery_percent,temperature_c,condition_percent,payload_kg,motor_load,speed,distance_delta_m,cumulative_distance_m,cumulative_energy_wh
1786104211.7325366,run_20260807_140327,,idle,idle,100.0,22.0,100.0,0.0,0.0,0.0,0.0,0.0,0.0
1786104211.7438874,run_20260807_140327,,idle,idle,100.0,22.0,100.0,0.0,0.0,0.0,0.0,0.0,0.0
1786104214.5125015,run_20260807_140327,,idle,idle,100.0,22.0,100.0,0.0,0.0,0.0,0.0,0.0,0.0
1786104216.984264,run_20260807_140327,,idle,idle,100.0,22.0,100.0,0.0,0.0,0.0,0.0,0.0,0.0
1786104219.4221213,run_20260807_140327,,charging,charging,100.0,22.0,100.0,0.0,0.0,0.0,0.0,0.0,0.0
1786104221.760204,run_20260807_140327,,charging,charging,100.0,22.0,100.0,0.0,0.0,0.0,0.0,0.0,0.0
1786104224.7750952,run_20260807_140327,,charging,charging,100.0,22.0,100.0,0.0,0.0,0.0,0.0,0.0,0.0
1786104227.6064565,run_20260807_140327,,charging,charging,100.0,22.0,100.0,0.0,0.0,0.0,0.0,0.0,0.0
1786104229.8879423,run_20260807_140327,,charging,charging,100.0,22.0,100.0,0.0,0.0,0.0,0.0,0.0,0.0
1786104232.3946452,run_20260807_140327,,charging,charging,100.0,22.0,100.0,0.0,0.0,0.0,0.0,0.0,0.0
1786104235.261882,run_20260807_140327,,charging,charging,100.0,22.0,100.0,0.0,0.0,0.0,0.0,0.0,0.0
1786104237.7172563,run_20260807_140327,,charging,charging,100.0,22.0,100.0,0.0,0.0,0.0,0.0,0.0,0.0
1786104240.30517,run_20260807_140327,,charging,charging,100.0,22.0,100.0,0.0,0.0,0.0,0.0,0.0,0.0
1786104243.1039228,run_20260807_140327,15,working,working,99.756,25.359,99.999,0.0,1.0,0.493,0.2794,0.279,0.0978
1786104245.7567253,run_20260807_140327,15,working,working,99.31,28.364,99.997,0.0,1.0,0.498,0.5079,0.787,0.2758
1786104248.4737606,run_20260807_140327,15,working,working,98.876,31.278,99.996,0.0,1.0,0.5,0.4896,1.277,0.4495
1786104251.2040355,run_20260807_140327,15,working,working,98.421,34.048,99.994,0.0,1.0,0.5,0.508,1.785,0.6317
1786104253.9390779,run_20260807_140327,15,working,working,97.987,36.671,99.992,0.0,1.0,0.43,0.4785,2.263,0.8053
1786104257.7739425,run_20260807_140327,15,working,working,97.672,40.148,99.991,0.0,1.0,0.287,0.3438,2.607,0.9312
1786104260.6067383,run_20260807_140327,15,working,working,97.475,42.169,99.99,4.5,0.732,0.161,0.1045,2.712,1.0099
1786104263.4025779,run_20260807_140327,15,working,working,97.323,41.439,99.989,4.5,0.097,0.021,0.0802,2.792,1.0708
1786104266.1859708,run_20260807_140327,15,working,working,97.013,44.448,99.988,4.5,1.0,0.424,0.1638,2.956,1.1948
1786104268.9242163,run_20260807_140327,15,working,working,96.087,47.244,99.984,4.5,1.0,0.496,0.4839,3.44,1.5651
1786104271.7338028,run_20260807_140327,15,working,working,95.148,49.955,99.981,4.5,1.0,0.471,0.4861,3.926,1.9409
1786104274.586712,run_20260807_140327,15,working,working,94.162,52.554,99.977,4.5,1.0,0.498,0.5047,4.43,2.3351
1786104277.5358224,run_20260807_140327,15,working,working,93.202,55.087,99.973,4.5,1.0,0.494,0.4871,4.918,2.7191
1786104280.3287063,run_20260807_140327,15,working,working,92.2,57.345,99.965,4.5,1.0,0.495,0.5039,5.421,3.1199
1786104283.2586253,run_20260807_140327,15,working,working,91.221,59.58,99.955,4.5,1.0,0.5,0.4885,5.91,3.5117
1786104286.1699176,run_20260807_140327,15,working,working,90.23,61.672,99.941,4.5,1.0,0.5,0.4903,6.4,3.908
1786104289.5983396,run_20260807_140327,15,working,working,89.198,63.991,99.922,4.5,1.0,0.499,0.5069,6.907,4.3208
1786104292.357583,run_20260807_140327,15,working,working,88.19,65.73,99.903,4.5,1.0,0.5,0.4914,7.399,4.7242
1786104295.2470825,run_20260807_140327,15,working,working,87.213,67.451,99.881,4.5,1.0,0.38,0.4732,7.872,5.115
1786104298.240418,run_20260807_140327,15,working,working,86.559,67.899,99.859,4.5,0.72,0.158,0.3149,8.187,5.3766
1786104301.0418334,run_20260807_140327,15,working,working,86.438,66.979,99.842,4.5,0.401,0.088,0.0581,8.245,5.4249
1786104303.8359587,run_20260807_140327,15,working,working,86.269,64.465,99.828,4.5,0.0,0.0,0.0812,8.326,5.4923
1786104306.3794742,run_20260807_140327,16,working,working,86.247,63.63,99.817,0.0,0.434,0.096,0.0215,8.347,5.5011
1786104309.0122821,run_20260807_140327,16,working,working,85.832,64.598,99.802,0.0,1.0,0.5,0.4106,8.758,5.6671
1786104311.6382875,run_20260807_140327,16,working,working,85.333,65.511,99.787,0.0,1.0,0.5,0.4924,9.251,5.8668
1786104314.4204307,run_20260807_140327,16,working,working,84.815,66.429,99.769,0.0,1.0,0.499,0.509,9.76,6.074
1786104317.4727888,run_20260807_140327,16,working,working,84.313,67.38,99.748,0.0,1.0,0.5,0.492,10.252,6.2749
1786104320.231953,run_20260807_140327,16,working,working,83.809,68.186,99.728,0.0,1.0,0.499,0.492,10.744,6.4764
1786104323.6614008,run_20260807_140327,16,working,working,83.285,69.134,99.701,0.0,1.0,0.5,0.5097,11.253,6.6858
1786104326.363356,run_20260807_140327,16,working,working,82.779,69.829,99.679,0.0,1.0,0.5,0.4912,11.745,6.8883
1786104328.9401586,run_20260807_140327,16,working,cooldown,82.255,70.456,99.657,0.0,1.0,0.5,0.5073,12.252,7.0979
1786104331.4484916,run_20260807_140327,16,working,cooldown,81.749,71.035,99.635,0.0,1.0,0.459,0.489,12.741,7.3004
1786104334.2532685,run_20260807_140327,16,working,cooldown,81.381,71.65,99.61,0.0,1.0,0.302,0.3552,13.096,7.4477
1786104336.9033859,run_20260807_140327,16,working,working,81.231,69.019,99.591,0.0,0.0,0.0,0.1439,13.24,7.5076
1786104339.6525,run_20260807_140327,16,working,working,81.061,67.495,99.573,3.2,0.277,0.061,0.0956,13.335,7.5758
1786104342.5863242,run_20260807_140327,16,working,working,80.949,68.91,99.552,3.2,1.0,0.255,0.0626,13.398,7.6202
1786104345.3521278,run_20260807_140327,16,working,cooldown,80.137,70.165,99.528,3.2,1.0,0.495,0.4556,13.854,7.9452
1786104348.2656345,run_20260807_140327,16,working,cooldown,79.231,71.414,99.501,3.2,1.0,0.499,0.5058,14.359,8.3076
1786104351.0356483,run_20260807_140327,16,working,cooldown,78.349,72.532,99.473,3.2,1.0,0.496,0.4905,14.85,8.6606
1786104353.8341548,run_20260807_140327,16,working,cooldown,77.467,73.599,99.443,3.2,1.0,0.499,0.4882,15.338,9.0133
1786104357.1619337,run_20260807_140327,16,working,cooldown,76.548,74.797,99.407,3.2,1.0,0.496,0.5071,15.845,9.3809
1786104359.9812148,run_20260807_140327,16,working,cooldown,75.654,75.745,99.374,3.2,1.0,0.489,0.4908,16.336,9.7382
1786104362.8364108,run_20260807_140327,16,working,cooldown,74.729,76.65,99.339,3.2,1.0,0.496,0.5068,16.843,10.1084
1786104365.5114844,run_20260807_140327,16,working,cooldown,73.829,77.45,99.305,3.2,1.0,0.5,0.4913,17.334,10.4683
1786104368.2801647,run_20260807_140327,16,working,cooldown,72.997,78.234,99.27,3.2,1.0,0.366,0.4533,17.787,10.8013
1786104371.0913572,run_20260807_140327,16,working,cooldown,72.39,78.232,99.235,3.2,0.808,0.178,0.3292,18.117,11.0439
1786104373.7247725,run_20260807_140327,16,working,cooldown,72.277,76.664,99.206,3.2,0.38,0.084,0.0614,18.178,11.0891
1786104376.6207967,run_20260807_140327,16,working,cooldown,72.118,73.498,99.179,3.2,0.0,0.0,0.0866,18.265,11.1526
1786104379.3007655,run_20260807_140327,17,working,cooldown,72.076,70.741,99.157,0.0,0.001,0.0,0.0406,18.305,11.1696
1786104381.8916285,run_20260807_140327,17,working,cooldown,71.934,71.324,99.136,0.0,1.0,0.444,0.1363,18.442,11.2262
1786104384.532788,run_20260807_140327,17,working,cooldown,71.419,71.888,99.111,0.0,1.0,0.497,0.4961,18.938,11.4325
1786104387.845497,run_20260807_140327,17,working,cooldown,70.909,72.558,99.08,0.0,1.0,0.5,0.4888,19.427,11.6363
1786104390.581507,run_20260807_140327,17,working,cooldown,70.38,73.075,99.053,0.0,1.0,0.499,0.507,19.934,11.848
1786104393.303275,run_20260807_140327,17,working,cooldown,69.865,73.56,99.026,0.0,1.0,0.5,0.4919,20.425,12.0539
1786104395.9242399,run_20260807_140327,17,working,cooldown,69.369,74.003,98.999,0.0,1.0,0.353,0.4736,20.899,12.2524
1786104398.5847862,run_20260807_140327,17,working,cooldown,69.049,73.959,98.972,0.0,0.853,0.188,0.3052,21.204,12.3806
1786104401.1937656,run_20260807_140327,17,working,cooldown,68.98,71.855,98.95,0.0,0.194,0.043,0.0656,21.27,12.4081
1786104403.907881,run_20260807_140327,17,working,cooldown,68.893,72.699,98.926,1.8,1.0,0.221,0.0591,21.329,12.4429
1786104406.9421756,run_20260807_140327,17,working,cooldown,68.224,73.591,98.895,1.8,1.0,0.5,0.4536,21.783,12.7106
1786104409.6605768,run_20260807_140327,17,working,cooldown,67.469,74.342,98.866,1.8,1.0,0.495,0.5097,22.292,13.0123
1786104412.4508681,run_20260807_140327,17,working,cooldown,66.739,75.071,98.835,1.8,1.0,0.5,0.4925,22.785,13.3046
1786104415.250201,run_20260807_140327,17,working,cooldown,66.006,75.761,98.803,1.8,1.0,0.5,0.4927,23.277,13.5977
1786104417.9155965,run_20260807_140327,17,working,cooldown,65.245,76.381,98.771,1.8,1.0,0.5,0.5098,23.787,13.9018
1786104420.5965185,run_20260807_140327,17,working,cooldown,64.509,76.972,98.739,1.8,1.0,0.5,0.4929,24.28,14.1964
1786104423.3378696,run_20260807_140327,17,working,cooldown,63.746,77.544,98.705,1.8,1.0,0.5,0.5095,24.79,14.5016
1786104426.088272,run_20260807_140327,17,working,cooldown,63.007,78.086,98.67,1.8,1.0,0.496,0.4928,25.282,14.7973
1786104428.7721078,run_20260807_140327,17,working,cooldown,62.266,78.586,98.636,1.8,1.0,0.5,0.4926,25.775,15.0935
1786104431.4695642,run_20260807_140327,17,working,cooldown,61.501,79.062,98.6,1.8,1.0,0.5,0.5079,26.283,15.3995
1786104434.1674829,run_20260807_140327,17,working,cooldown,60.767,79.512,98.564,1.8,1.0,0.483,0.4871,26.77,15.6934
1786104438.42802,run_20260807_140327,17,working,cooldown,60.174,80.184,98.508,1.8,1.0,0.332,0.3922,27.162,15.9304
1786104442.1147666,run_20260807_140327,17,working,cooldown,59.992,75.894,98.469,0.0,0.0,0.0,0.1695,27.332,16.0031
1786104445.1489267,run_20260807_140327,18,working,cooldown,59.894,73.508,98.44,0.0,0.243,0.053,0.0932,27.425,16.0426
1786104448.6469676,run_20260807_140327,18,working,cooldown,59.834,71.919,98.41,0.0,0.48,0.106,0.0572,27.482,16.0666
1786104451.539824,run_20260807_140327,18,working,cooldown,59.408,72.502,98.383,0.0,1.0,0.499,0.4075,27.89,16.2368
1786104454.6596484,run_20260807_140327,18,working,cooldown,58.875,73.095,98.353,0.0,1.0,0.5,0.5096,28.399,16.4501
1786104458.0353386,run_20260807_140327,18,working,cooldown,58.358,73.696,98.319,0.0,1.0,0.5,0.4929,28.892,16.6568
1786104461.217719,run_20260807_140327,18,working,cooldown,57.822,74.224,98.287,0.0,1.0,0.499,0.5098,29.402,16.871
1786104464.5525455,run_20260807_140327,18,working,cooldown,57.304,74.743,98.252,0.0,1.0,0.5,0.4928,29.895,17.0786
1786104468.9383843,run_20260807_140327,18,working,cooldown,56.785,75.38,98.205,0.0,1.0,0.5,0.4921,30.387,17.2861
1786104472.328922,run_20260807_140327,18,working,cooldown,56.246,75.828,98.168,0.0,1.0,0.499,0.5097,30.897,17.5016
1786104475.3519206,run_20260807_140327,18,working,cooldown,55.725,76.202,98.133,0.0,1.0,0.493,0.4919,31.388,17.7099
1786104478.601296,run_20260807_140327,18,working,cooldown,55.185,76.578,98.096,0.0,1.0,0.5,0.5094,31.898,17.926
1786104481.8698442,run_20260807_140327,18,working,cooldown,54.735,76.933,98.059,0.0,1.0,0.346,0.424,32.322,18.106
1786104484.947856,run_20260807_140327,18,working,cooldown,54.445,74.898,98.027,0.0,0.365,0.08,0.2726,32.594,18.2219
1786104488.1215997,run_20260807_140327,18,working,cooldown,54.372,73.847,97.997,0.0,0.606,0.133,0.0693,32.664,18.2512
1786104491.3137672,run_20260807_140327,18,working,cooldown,54.292,72.704,97.968,0.6,0.549,0.121,0.0668,32.731,18.2831
1786104494.4886525,run_20260807_140327,18,working,cooldown,53.785,73.409,97.937,0.6,1.0,0.5,0.4256,33.156,18.486
1786104498.15151,run_20260807_140327,18,working,cooldown,53.196,74.17,97.899,0.6,1.0,0.5,0.493,33.649,18.7217
1786104502.411301,run_20260807_140327,18,working,cooldown,52.586,74.991,97.854,0.6,1.0,0.497,0.5092,34.158,18.9658
1786104505.7142396,run_20260807_140327,18,working,cooldown,51.994,75.573,97.818,0.6,1.0,0.5,0.4924,34.651,19.2024
1786104508.8564649,run_20260807_140327,18,working,cooldown,51.401,76.09,97.782,0.6,1.0,0.5,0.4921,35.143,19.4394
1786104512.3942804,run_20260807_140327,18,working,cooldown,50.787,76.635,97.742,0.6,1.0,0.5,0.5097,35.652,19.6854
1786104515.7117236,run_20260807_140327,18,working,cooldown,50.191,77.111,97.703,0.6,1.0,0.5,0.4926,36.145,19.9235
1786104519.4689672,run_20260807_140327,18,working,cooldown,49.575,77.613,97.658,0.6,1.0,0.499,0.5093,36.654,20.1702
1786104522.894371,run_20260807_140327,18,working,cooldown,48.978,78.037,97.616,0.6,1.0,0.5,0.492,37.146,20.4088
1786104526.3476992,run_20260807_140327,18,working,cooldown,48.419,78.435,97.573,0.6,1.0,0.379,0.4602,37.606,20.6324
1786104529.6653187,run_20260807_140327,18,working,cooldown,48.019,78.791,97.532,0.6,1.0,0.231,0.3289,37.935,20.7924
1786104532.7325332,run_20260807_140327,18,working,cooldown,47.939,75.307,97.501,0.0,0.0,0.0,0.0748,38.01,20.8245
1786104536.7002473,run_20260807_140327,19,working,cooldown,47.902,71.702,97.467,0.0,0.131,0.029,0.0344,38.045,20.839
1786104539.806085,run_20260807_140327,19,working,cooldown,47.545,72.342,97.439,0.0,1.0,0.499,0.3416,38.386,20.982
1786104542.9804616,run_20260807_140327,19,working,cooldown,47.031,72.955,97.408,0.0,1.0,0.494,0.4899,38.876,21.1875
1786104546.4520533,run_20260807_140327,19,working,cooldown,46.499,73.583,97.374,0.0,1.0,0.5,0.506,39.382,21.4002
1786104549.623416,run_20260807_140327,19,working,cooldown,45.984,74.117,97.342,0.0,1.0,0.5,0.4898,39.872,21.6066
1786104553.061028,run_20260807_140327,19,working,cooldown,45.446,74.659,97.306,0.0,1.0,0.495,0.5098,40.382,21.8218
1786104556.1686313,run_20260807_140327,19,working,cooldown,45.025,75.115,97.273,0.0,1.0,0.359,0.3981,40.78,21.9901
1786104559.1058292,run_20260807_140327,19,working,cooldown,44.816,72.142,97.247,0.0,0.042,0.009,0.1967,40.976,22.0734
1786104561.9656937,run_20260807_140327,19,working,working,44.772,69.274,97.226,0.0,0.0,0.0,0.0428,41.019,22.0914
1786104564.7100844,run_20260807_140327,19,working,working,44.634,68.036,97.208,1.1,0.39,0.086,0.1063,41.125,22.1466
1786104568.270468,run_20260807_140327,19,working,working,44.569,67.733,97.185,1.1,0.66,0.145,0.0501,41.175,22.1725
1786104571.349594,run_20260807_140327,19,working,working,44.027,68.815,97.161,1.1,1.0,0.5,0.4192,41.595,22.3893
1786104574.1993268,run_20260807_140327,19,working,working,43.37,69.755,97.138,1.1,1.0,0.5,0.5057,42.1,22.6519
1786104577.058521,run_20260807_140327,19,working,cooldown,42.733,70.643,97.113,1.1,1.0,0.497,0.4896,42.59,22.9069
1786104579.9201727,run_20260807_140327,19,working,cooldown,42.093,71.482,97.087,1.1,1.0,0.5,0.4898,43.08,23.1628
1786104582.7201054,run_20260807_140327,19,working,cooldown,41.429,72.256,97.06,1.1,1.0,0.5,0.5065,43.586,23.4282
1786104585.4554768,run_20260807_140327,19,working,cooldown,40.786,72.97,97.033,1.1,1.0,0.496,0.4898,44.076,23.6855
1786104588.4823532,run_20260807_140327,19,working,cooldown,40.121,73.716,97.002,1.1,1.0,0.5,0.5054,44.582,23.9517
1786104591.1974251,run_20260807_140327,19,working,cooldown,39.472,74.345,96.973,1.1,1.0,0.496,0.4912,45.073,24.2111
1786104593.9496663,run_20260807_140327,19,working,cooldown,38.823,74.948,96.943,1.1,1.0,0.5,0.4904,45.563,24.4707
1786104596.6769302,run_20260807_140327,19,working,cooldown,38.15,75.513,96.912,1.1,1.0,0.5,0.5076,46.071,24.7399
1786104599.451887,run_20260807_140327,19,working,cooldown,37.57,76.056,96.881,1.1,1.0,0.363,0.4366,46.507,24.9719
1786104603.1462328,run_20260807_140327,19,working,cooldown,37.188,73.943,96.844,1.1,0.402,0.088,0.2869,46.794,25.1246
1786104606.0352545,run_20260807_140327,19,working,cooldown,37.126,72.133,96.819,1.1,0.326,0.072,0.0475,46.842,25.1498
1786104608.9487875,run_20260807_140327,19,working,working,37.066,69.212,96.798,1.1,0.0,0.0,0.0453,46.887,25.1735
1786104611.7576025,run_20260807_140327,,idle,cooldown,37.066,66.559,96.782,0.0,0.0,0.0,0.0,46.887,25.1735
1786104614.2790058,run_20260807_140327,,idle,cooldown,37.066,64.312,96.77,0.0,0.0,0.0,0.0,46.887,25.1735
1786104617.397458,run_20260807_140327,,idle,cooldown,37.066,61.673,96.76,0.0,0.0,0.0,0.0,46.887,25.1735
1786104620.443104,run_20260807_140327,,idle,cooldown,37.066,59.257,96.753,0.0,0.0,0.0,0.0,46.887,25.1735
1786104623.5430663,run_20260807_140327,,idle,cooldown,37.066,56.947,96.75,0.0,0.0,0.0,0.0,46.887,25.1735
1786104626.588326,run_20260807_140327,,idle,idle,37.066,54.818,96.75,0.0,0.0,0.0,0.0,46.887,25.1735
1786104629.7341132,run_20260807_140327,,idle,idle,37.066,52.754,96.75,0.0,0.0,0.0,0.0,46.887,25.1735
1786104632.7427397,run_20260807_140327,,idle,idle,37.066,50.903,96.75,0.0,0.0,0.0,0.0,46.887,25.1735
1786104636.3363473,run_20260807_140327,,idle,idle,37.066,48.826,96.75,0.0,0.0,0.0,0.0,46.887,25.1735
1786104639.2691903,run_20260807_140327,,idle,idle,37.066,47.252,96.75,0.0,0.0,0.0,0.0,46.887,25.1735
1786104642.537537,run_20260807_140327,,idle,idle,37.066,45.602,96.75,0.0,0.0,0.0,0.0,46.887,25.1735
1786104645.4229958,run_20260807_140327,,idle,idle,37.066,44.24,96.75,0.0,0.0,0.0,0.0,46.887,25.1735
1786104649.0776997,run_20260807_140327,,idle,idle,37.066,42.614,96.75,0.0,0.0,0.0,0.0,46.887,25.1735
1786104652.4276197,run_20260807_140327,,idle,idle,37.066,41.233,96.75,0.0,0.0,0.0,0.0,46.887,25.1735
1786104655.5400982,run_20260807_140327,,idle,idle,37.066,40.036,96.75,0.0,0.0,0.0,0.0,46.887,25.1735
1786104658.6498258,run_20260807_140327,,idle,idle,37.066,38.914,96.75,0.0,0.0,0.0,0.0,46.887,25.1735
1786104661.6683817,run_20260807_140327,,idle,idle,37.066,37.893,96.75,0.0,0.0,0.0,0.0,46.887,25.1735
1786104664.6407342,run_20260807_140327,,idle,idle,37.066,36.948,96.75,0.0,0.0,0.0,0.0,46.887,25.1735
1786104668.3582985,run_20260807_140327,,idle,idle,37.066,35.837,96.75,0.0,0.0,0.0,0.0,46.887,25.1735
1786104671.251458,run_20260807_140327,,idle,idle,37.066,35.036,96.75,0.0,0.0,0.0,0.0,46.887,25.1735
1786104674.2810664,run_20260807_140327,,idle,idle,37.066,34.246,96.75,0.0,0.0,0.0,0.0,46.887,25.1735
1786104677.6660612,run_20260807_140327,,idle,idle,37.066,33.417,96.75,0.0,0.0,0.0,0.0,46.887,25.1735
1786104680.6145408,run_20260807_140327,,idle,idle,37.066,32.744,96.75,0.0,0.0,0.0,0.0,46.887,25.1735
1786104683.5679138,run_20260807_140327,,idle,idle,37.066,32.109,96.75,0.0,0.0,0.0,0.0,46.887,25.1735
1786104686.5996583,run_20260807_140327,,idle,idle,37.066,31.496,96.75,0.0,0.0,0.0,0.0,46.887,25.1735
1786104689.4480104,run_20260807_140327,,idle,idle,37.066,30.955,96.75,0.0,0.0,0.0,0.0,46.887,25.1735
1786104692.5493426,run_20260807_140327,,idle,idle,37.066,30.4,96.75,0.0,0.0,0.0,0.0,46.887,25.1735
1786104695.4671903,run_20260807_140327,,idle,idle,37.066,29.91,96.75,0.0,0.0,0.0,0.0,46.887,25.1735
1786104698.5199933,run_20260807_140327,,idle,idle,37.066,29.427,96.75,0.0,0.0,0.0,0.0,46.887,25.1735
1786104702.4838383,run_20260807_140327,,idle,idle,37.066,28.838,96.75,0.0,0.0,0.0,0.0,46.887,25.1735
1786104705.5091653,run_20260807_140327,,idle,idle,37.066,28.424,96.75,0.0,0.0,0.0,0.0,46.887,25.1735
1786104709.4102144,run_20260807_140327,,idle,idle,37.066,27.923,96.75,0.0,0.0,0.0,0.0,46.887,25.1735
1786104712.580705,run_20260807_140327,,idle,idle,37.066,27.547,96.75,0.0,0.0,0.0,0.0,46.887,25.1735
1786104715.5667078,run_20260807_140327,,idle,idle,37.066,27.216,96.75,0.0,0.0,0.0,0.0,46.887,25.1735
1786104718.5712993,run_20260807_140327,,idle,idle,37.066,26.903,96.75,0.0,0.0,0.0,0.0,46.887,25.1735
1786104721.4835262,run_20260807_140327,,idle,idle,37.066,26.617,96.75,0.0,0.0,0.0,0.0,46.887,25.1735
1786104724.4901645,run_20260807_140327,,idle,idle,37.066,26.339,96.75,0.0,0.0,0.0,0.0,46.887,25.1735
1786104727.5838256,run_20260807_140327,,idle,idle,37.066,26.071,96.75,0.0,0.0,0.0,0.0,46.887,25.1735
1786104730.6045508,run_20260807_140327,,returning,returning,37.066,26.278,96.75,0.0,0.125,0.027,0.0005,46.888,25.1737
1786104734.420803,run_20260807_140327,,returning,returning,36.727,30.531,96.749,0.0,1.0,0.486,0.381,47.269,25.3091
1786104737.5619228,run_20260807_140327,,returning,returning,36.287,33.764,96.747,0.0,1.0,0.498,0.4876,47.756,25.4852
1786104740.1568406,run_20260807_140327,,returning,returning,35.825,36.268,96.745,0.0,1.0,0.49,0.5053,48.262,25.6701
1786104743.026144,run_20260807_140327,,returning,returning,35.371,38.892,96.743,0.0,1.0,0.5,0.492,48.754,25.8518
1786104745.76224,run_20260807_140327,,returning,returning,34.912,41.251,96.742,0.0,1.0,0.422,0.4912,49.245,26.035
1786104748.4115386,run_20260807_140327,,charging,charging,37.562,39.721,96.74,0.0,0.0,0.269,0.3411,49.586,26.1634
1786104751.081663,run_20260807_140327,,charging,charging,40.232,38.302,96.74,0.0,0.0,0.0,0.0179,49.604,26.1701
1786104753.799163,run_20260807_140327,,charging,charging,42.949,36.973,96.74,0.0,0.0,0.0,0.0,49.604,26.1701
1786104756.3640518,run_20260807_140327,,charging,charging,45.514,35.821,96.74,0.0,0.0,0.0,0.0,49.604,26.1701
1786104758.8458633,run_20260807_140327,,charging,charging,47.996,34.792,96.74,0.0,0.0,0.0,0.0,49.604,26.1701
1786104761.3414054,run_20260807_140327,,charging,charging,50.492,33.834,96.74,0.0,0.0,0.0,0.0,49.604,26.1701
1786104764.2536285,run_20260807_140327,,charging,charging,53.404,32.8,96.74,0.0,0.0,0.0,0.0,49.604,26.1701
1786104767.2351527,run_20260807_140327,,charging,charging,56.385,31.834,96.74,0.0,0.0,0.0,0.0,49.604,26.1701
1786104769.9937768,run_20260807_140327,,charging,charging,59.144,31.02,96.74,0.0,0.0,0.0,0.0,49.604,26.1701
1786104772.8334577,run_20260807_140327,,charging,charging,61.984,30.252,96.74,0.0,0.0,0.0,0.0,49.604,26.1701
1786104775.7631817,run_20260807_140327,,charging,charging,64.913,29.526,96.74,0.0,0.0,0.0,0.0,49.604,26.1701
1786104778.636091,run_20260807_140327,,charging,charging,67.786,28.878,96.74,0.0,0.0,0.0,0.0,49.604,26.1701
1786104782.427214,run_20260807_140327,,charging,charging,71.577,28.096,96.74,0.0,0.0,0.0,0.0,49.604,26.1701
1786104785.1038527,run_20260807_140327,,charging,charging,74.254,27.606,96.74,0.0,0.0,0.0,0.0,49.604,26.1701
1786104787.8799493,run_20260807_140327,,charging,charging,77.03,27.139,96.74,0.0,0.0,0.0,0.0,49.604,26.1701
1786104790.699301,run_20260807_140327,,charging,charging,79.849,26.704,96.74,0.0,0.0,0.0,0.0,49.604,26.1701
1786104793.3872612,run_20260807_140327,,charging,charging,82.537,26.325,96.74,0.0,0.0,0.0,0.0,49.604,26.1701
1786104796.5055811,run_20260807_140327,,charging,charging,85.656,25.921,96.74,0.0,0.0,0.0,0.0,49.604,26.1701
1786104799.079509,run_20260807_140327,,charging,charging,88.23,25.618,96.74,0.0,0.0,0.0,0.0,49.604,26.1701
1786104801.6178846,run_20260807_140327,,charging,charging,90.768,25.342,96.74,0.0,0.0,0.0,0.0,49.604,26.1701
1786104804.1220002,run_20260807_140327,,charging,charging,93.272,25.091,96.74,0.0,0.0,0.0,0.0,49.604,26.1701
1786104806.7705393,run_20260807_140327,,charging,charging,95.921,24.846,96.74,0.0,0.0,0.0,0.0,49.604,26.1701
1786104809.4150674,run_20260807_140327,,charging,charging,98.565,24.62,96.74,0.0,0.0,0.0,0.0,49.604,26.1701
1786104812.2688425,run_20260807_140327,,charging,charging,100.0,24.396,96.74,0.0,0.0,0.0,0.0,49.604,26.1701
1786104815.9044206,run_20260807_140327,,charging,charging,100.0,24.134,96.74,0.0,0.0,0.0,0.0,49.604,26.1701
1786104818.69105,run_20260807_140327,,charging,charging,100.0,23.956,96.74,0.0,0.0,0.0,0.0,49.604,26.1701
1786104821.6296382,run_20260807_140327,,charging,charging,100.0,23.783,96.74,0.0,0.0,0.0,0.0,49.604,26.1701
1786104824.2265222,run_20260807_140327,,charging,charging,100.0,23.644,96.74,0.0,0.0,0.0,0.0,49.604,26.1701
1786104827.073195,run_20260807_140327,,charging,charging,100.0,23.504,96.74,0.0,0.0,0.0,0.0,49.604,26.1701
1786104829.6338246,run_20260807_140327,,charging,charging,100.0,23.388,96.74,0.0,0.0,0.0,0.0,49.604,26.1701
1786104832.3321667,run_20260807_140327,,charging,charging,100.0,23.276,96.74,0.0,0.0,0.0,0.0,49.604,26.1701
1786104834.9158998,run_20260807_140327,,charging,charging,100.0,23.177,96.74,0.0,0.0,0.0,0.0,49.604,26.1701
1786104837.6065533,run_20260807_140327,,charging,charging,100.0,23.082,96.74,0.0,0.0,0.0,0.0,49.604,26.1701
1786104840.1811752,run_20260807_140327,,charging,charging,100.0,22.999,96.74,0.0,0.0,0.0,0.0,49.604,26.1701
1786104842.8478172,run_20260807_140327,,charging,charging,100.0,22.919,96.74,0.0,0.0,0.0,0.0,49.604,26.1701
1786104845.4662707,run_20260807_140327,,charging,charging,100.0,22.847,96.74,0.0,0.0,0.0,0.0,49.604,26.1701
1786104848.106797,run_20260807_140327,,charging,charging,100.0,22.779,96.74,0.0,0.0,0.0,0.0,49.604,26.1701
1786104850.7473695,run_20260807_140327,,charging,charging,100.0,22.718,96.74,0.0,0.0,0.0,0.0,49.604,26.1701
1786104854.4815686,run_20260807_140327,,charging,charging,100.0,22.637,96.74,0.0,0.0,0.0,0.0,49.604,26.1701
1786104857.7486744,run_20260807_140327,,charging,charging,100.0,22.575,96.74,0.0,0.0,0.0,0.0,49.604,26.1701
1786104861.0498424,run_20260807_140327,,charging,charging,100.0,22.518,96.74,0.0,0.0,0.0,0.0,49.604,26.1701
1786104865.0859048,run_20260807_140327,,charging,charging,100.0,22.455,96.74,0.0,0.0,0.0,0.0,49.604,26.1701
1786104868.9992857,run_20260807_140327,,charging,charging,100.0,22.402,96.74,0.0,0.0,0.0,0.0,49.604,26.1701
1786104872.5886984,run_20260807_140327,,charging,charging,100.0,22.359,96.74,0.0,0.0,0.0,0.0,49.604,26.1701
1786104875.8024473,run_20260807_140327,,charging,charging,100.0,22.324,96.74,0.0,0.0,0.0,0.0,49.604,26.1701
1786104878.7712233,run_20260807_140327,,charging,charging,100.0,22.295,96.74,0.0,0.0,0.0,0.0,49.604,26.1701
1786104882.325121,run_20260807_140327,,charging,charging,100.0,22.264,96.74,0.0,0.0,0.0,0.0,49.604,26.1701
1786104885.5068324,run_20260807_140327,,charging,charging,100.0,22.238,96.74,0.0,0.0,0.0,0.0,49.604,26.1701
1786104889.0246868,run_20260807_140327,,charging,charging,100.0,22.213,96.74,0.0,0.0,0.0,0.0,49.604,26.1701
1786104891.8232634,run_20260807_140327,,charging,charging,100.0,22.195,96.74,0.0,0.0,0.0,0.0,49.604,26.1701
1786104894.9929707,run_20260807_140327,,charging,charging,100.0,22.177,96.74,0.0,0.0,0.0,0.0,49.604,26.1701
1786104898.0890064,run_20260807_140327,,charging,charging,100.0,22.16,96.74,0.0,0.0,0.0,0.0,49.604,26.1701
1786104901.3371375,run_20260807_140327,,charging,charging,100.0,22.145,96.74,0.0,0.0,0.0,0.0,49.604,26.1701
1786104904.334777,run_20260807_140327,,charging,charging,100.0,22.132,96.74,0.0,0.0,0.0,0.0,49.604,26.1701
1786104907.4294186,run_20260807_140327,,charging,charging,100.0,22.12,96.74,0.0,0.0,0.0,0.0,49.604,26.1701
1786104910.4173753,run_20260807_140327,,charging,charging,100.0,22.109,96.74,0.0,0.0,0.0,0.0,49.604,26.1701
1786104913.4239857,run_20260807_140327,,charging,charging,100.0,22.099,96.74,0.0,0.0,0.0,0.0,49.604,26.1701
1786104917.5184035,run_20260807_140327,,charging,charging,100.0,22.087,96.74,0.0,0.0,0.0,0.0,49.604,26.1701
1786104920.6042304,run_20260807_140327,,charging,charging,100.0,22.079,96.74,0.0,0.0,0.0,0.0,49.604,26.1701
1786104923.4766788,run_20260807_140327,,charging,charging,100.0,22.072,96.74,0.0,0.0,0.0,0.0,49.604,26.1701
1786104926.4069374,run_20260807_140327,,charging,charging,100.0,22.066,96.74,0.0,0.0,0.0,0.0,49.604,26.1701
1786104929.3612142,run_20260807_140327,,charging,charging,100.0,22.06,96.74,0.0,0.0,0.0,0.0,49.604,26.1701
1786104932.308841,run_20260807_140327,,charging,charging,100.0,22.055,96.74,0.0,0.0,0.0,0.0,49.604,26.1701
1786104935.3545244,run_20260807_140327,,charging,charging,100.0,22.05,96.74,0.0,0.0,0.0,0.0,49.604,26.1701
1786104938.2782454,run_20260807_140327,,charging,charging,100.0,22.045,96.74,0.0,0.0,0.0,0.0,49.604,26.1701
1786104941.2846398,run_20260807_140327,,charging,charging,100.0,22.041,96.74,0.0,0.0,0.0,0.0,49.604,26.1701
1786104944.323747,run_20260807_140327,,charging,charging,100.0,22.037,96.74,0.0,0.0,0.0,0.0,49.604,26.1701
1786104948.3197243,run_20260807_140327,,charging,charging,100.0,22.033,96.74,0.0,0.0,0.0,0.0,49.604,26.1701
1786104951.3463476,run_20260807_140327,,charging,charging,100.0,22.03,96.74,0.0,0.0,0.0,0.0,49.604,26.1701
1786104954.3882687,run_20260807_140327,,charging,charging,100.0,22.027,96.74,0.0,0.0,0.0,0.0,49.604,26.1701
1786104957.1883996,run_20260807_140327,,charging,charging,100.0,22.025,96.74,0.0,0.0,0.0,0.0,49.604,26.1701
1786104960.0073278,run_20260807_140327,,charging,charging,100.0,22.023,96.74,0.0,0.0,0.0,0.0,49.604,26.1701
1786104963.0581005,run_20260807_140327,,charging,charging,100.0,22.021,96.74,0.0,0.0,0.0,0.0,49.604,26.1701
1786104966.0345294,run_20260807_140327,,charging,charging,100.0,22.019,96.74,0.0,0.0,0.0,0.0,49.604,26.1701
1786104968.9373636,run_20260807_140327,,charging,charging,100.0,22.017,96.74,0.0,0.0,0.0,0.0,49.604,26.1701
1786104971.9138143,run_20260807_140327,,charging,charging,100.0,22.016,96.74,0.0,0.0,0.0,0.0,49.604,26.1701
1786104974.8996544,run_20260807_140327,,charging,charging,100.0,22.014,96.74,0.0,0.0,0.0,0.0,49.604,26.1701
1786104978.2461667,run_20260807_140327,,charging,charging,100.0,22.013,96.74,0.0,0.0,0.0,0.0,49.604,26.1701
1786104981.8127902,run_20260807_140327,,charging,charging,100.0,22.011,96.74,0.0,0.0,0.0,0.0,49.604,26.1701
1786104984.9963229,run_20260807_140327,,charging,charging,100.0,22.01,96.74,0.0,0.0,0.0,0.0,49.604,26.1701
1786104987.8972123,run_20260807_140327,,charging,charging,100.0,22.009,96.74,0.0,0.0,0.0,0.0,49.604,26.1701
1786104990.7015343,run_20260807_140327,,charging,charging,100.0,22.009,96.74,0.0,0.0,0.0,0.0,49.604,26.1701
1786104993.6515803,run_20260807_140327,,charging,charging,100.0,22.008,96.74,0.0,0.0,0.0,0.0,49.604,26.1701
1786104996.6240716,run_20260807_140327,,charging,charging,100.0,22.007,96.74,0.0,0.0,0.0,0.0,49.604,26.1701
1786104999.6326873,run_20260807_140327,,charging,charging,100.0,22.007,96.74,0.0,0.0,0.0,0.0,49.604,26.1701
1786105002.6617503,run_20260807_140327,,charging,charging,100.0,22.006,96.74,0.0,0.0,0.0,0.0,49.604,26.1701
1786105005.7019541,run_20260807_140327,,charging,charging,100.0,22.005,96.74,0.0,0.0,0.0,0.0,49.604,26.1701
1786105008.871323,run_20260807_140327,,charging,charging,100.0,22.005,96.74,0.0,0.0,0.0,0.0,49.604,26.1701
1786105011.8154957,run_20260807_140327,,charging,charging,100.0,22.004,96.74,0.0,0.0,0.0,0.0,49.604,26.1701
1786105015.5231893,run_20260807_140327,,charging,charging,100.0,22.004,96.74,0.0,0.0,0.0,0.0,49.604,26.1701
1786105018.5639176,run_20260807_140327,,charging,charging,100.0,22.004,96.74,0.0,0.0,0.0,0.0,49.604,26.1701
1786105021.6528077,run_20260807_140327,,charging,charging,100.0,22.003,96.74,0.0,0.0,0.0,0.0,49.604,26.1701
1786105024.3879402,run_20260807_140327,,charging,charging,100.0,22.003,96.74,0.0,0.0,0.0,0.0,49.604,26.1701
1786105027.4246433,run_20260807_140327,,charging,charging,100.0,22.003,96.74,0.0,0.0,0.0,0.0,49.604,26.1701
1786105030.4490728,run_20260807_140327,,charging,charging,100.0,22.002,96.74,0.0,0.0,0.0,0.0,49.604,26.1701
1786105033.427774,run_20260807_140327,,charging,charging,100.0,22.002,96.74,0.0,0.0,0.0,0.0,49.604,26.1701
1786105036.6517606,run_20260807_140327,,charging,charging,100.0,22.002,96.74,0.0,0.0,0.0,0.0,49.604,26.1701
1786105039.53799,run_20260807_140327,,charging,charging,100.0,22.002,96.74,0.0,0.0,0.0,0.0,49.604,26.1701
1786105042.5321426,run_20260807_140327,,charging,charging,100.0,22.002,96.74,0.0,0.0,0.0,0.0,49.604,26.1701
1786105045.4980984,run_20260807_140327,,charging,charging,100.0,22.002,96.74,0.0,0.0,0.0,0.0,49.604,26.1701
1786105049.3286273,run_20260807_140327,,charging,charging,100.0,22.001,96.74,0.0,0.0,0.0,0.0,49.604,26.1701
1786105052.3481176,run_20260807_140327,,charging,charging,100.0,22.001,96.74,0.0,0.0,0.0,0.0,49.604,26.1701
1786105055.1560376,run_20260807_140327,,charging,charging,100.0,22.001,96.74,0.0,0.0,0.0,0.0,49.604,26.1701
1786105057.872392,run_20260807_140327,,charging,charging,100.0,22.001,96.74,0.0,0.0,0.0,0.0,49.604,26.1701
1786105060.9496584,run_20260807_140327,,charging,charging,100.0,22.001,96.74,0.0,0.0,0.0,0.0,49.604,26.1701
1786105063.8828166,run_20260807_140327,,charging,charging,100.0,22.001,96.74,0.0,0.0,0.0,0.0,49.604,26.1701
1786105067.1878347,run_20260807_140327,,charging,charging,100.0,22.001,96.74,0.0,0.0,0.0,0.0,49.604,26.1701
1786105070.1930788,run_20260807_140327,,charging,charging,100.0,22.001,96.74,0.0,0.0,0.0,0.0,49.604,26.1701
1786105073.2083251,run_20260807_140327,,charging,charging,100.0,22.001,96.74,0.0,0.0,0.0,0.0,49.604,26.1701
1786105076.2107334,run_20260807_140327,,charging,charging,100.0,22.001,96.74,0.0,0.0,0.0,0.0,49.604,26.1701
1786105079.8298104,run_20260807_140327,,charging,charging,100.0,22.001,96.74,0.0,0.0,0.0,0.0,49.604,26.1701
1786105082.7429047,run_20260807_140327,,charging,charging,100.0,22.0,96.74,0.0,0.0,0.0,0.0,49.604,26.1701
1786105085.7273471,run_20260807_140327,,charging,charging,100.0,22.0,96.74,0.0,0.0,0.0,0.0,49.604,26.1701
1786105088.5425813,run_20260807_140327,,charging,charging,100.0,22.0,96.74,0.0,0.0,0.0,0.0,49.604,26.1701
1786105091.5177724,run_20260807_140327,,charging,charging,100.0,22.0,96.74,0.0,0.0,0.0,0.0,49.604,26.1701
1786105094.48203,run_20260807_140327,,charging,charging,100.0,22.0,96.74,0.0,0.0,0.0,0.0,49.604,26.1701
1786105097.9378908,run_20260807_140327,,charging,charging,100.0,22.0,96.74,0.0,0.0,0.0,0.0,49.604,26.1701
1786105100.8129702,run_20260807_140327,,charging,charging,100.0,22.0,96.74,0.0,0.0,0.0,0.0,49.604,26.1701
1786105104.1239548,run_20260807_140327,,charging,charging,100.0,22.0,96.74,0.0,0.0,0.0,0.0,49.604,26.1701
1786105107.2765613,run_20260807_140327,,charging,charging,100.0,22.0,96.74,0.0,0.0,0.0,0.0,49.604,26.1701
1786105110.1922963,run_20260807_140327,,charging,charging,100.0,22.0,96.74,0.0,0.0,0.0,0.0,49.604,26.1701
1786105113.1345983,run_20260807_140327,,charging,charging,100.0,22.0,96.74,0.0,0.0,0.0,0.0,49.604,26.1701
1786105116.1288798,run_20260807_140327,,charging,charging,100.0,22.0,96.74,0.0,0.0,0.0,0.0,49.604,26.1701
1786105119.0694976,run_20260807_140327,,charging,charging,100.0,22.0,96.74,0.0,0.0,0.0,0.0,49.604,26.1701
1786105121.9102762,run_20260807_140327,,charging,charging,100.0,22.0,96.74,0.0,0.0,0.0,0.0,49.604,26.1701
1786105124.900381,run_20260807_140327,,charging,charging,100.0,22.0,96.74,0.0,0.0,0.0,0.0,49.604,26.1701
1786105128.880404,run_20260807_140327,,charging,charging,100.0,22.0,96.74,0.0,0.0,0.0,0.0,49.604,26.1701
1786105131.89536,run_20260807_140327,,charging,charging,100.0,22.0,96.74,0.0,0.0,0.0,0.0,49.604,26.1701
1786105134.8353648,run_20260807_140327,,charging,charging,100.0,22.0,96.74,0.0,0.0,0.0,0.0,49.604,26.1701
1786105137.7147515,run_20260807_140327,,charging,charging,100.0,22.0,96.74,0.0,0.0,0.0,0.0,49.604,26.1701
1786105140.7173061,run_20260807_140327,,charging,charging,100.0,22.0,96.74,0.0,0.0,0.0,0.0,49.604,26.1701
1786105143.6693368,run_20260807_140327,,charging,charging,100.0,22.0,96.74,0.0,0.0,0.0,0.0,49.604,26.1701
1786105146.5546796,run_20260807_140327,,charging,charging,100.0,22.0,96.74,0.0,0.0,0.0,0.0,49.604,26.1701
1786105149.4954896,run_20260807_140327,,charging,charging,100.0,22.0,96.74,0.0,0.0,0.0,0.0,49.604,26.1701
1786105152.4183385,run_20260807_140327,,charging,charging,100.0,22.0,96.74,0.0,0.0,0.0,0.0,49.604,26.1701
1786105155.2867205,run_20260807_140327,,charging,charging,100.0,22.0,96.74,0.0,0.0,0.0,0.0,49.604,26.1701
1786105158.672707,run_20260807_140327,,charging,charging,100.0,22.0,96.74,0.0,0.0,0.0,0.0,49.604,26.1701
1786105162.3334324,run_20260807_140327,,charging,charging,100.0,22.0,96.74,0.0,0.0,0.0,0.0,49.604,26.1701
1786105165.2260659,run_20260807_140327,,charging,charging,100.0,22.0,96.74,0.0,0.0,0.0,0.0,49.604,26.1701
1786105168.1242495,run_20260807_140327,,charging,charging,100.0,22.0,96.74,0.0,0.0,0.0,0.0,49.604,26.1701
1786105170.94891,run_20260807_140327,,charging,charging,100.0,22.0,96.74,0.0,0.0,0.0,0.0,49.604,26.1701
1786105173.9043303,run_20260807_140327,,charging,charging,100.0,22.0,96.74,0.0,0.0,0.0,0.0,49.604,26.1701
1786105176.809449,run_20260807_140327,,charging,charging,100.0,22.0,96.74,0.0,0.0,0.0,0.0,49.604,26.1701
1786105179.8469532,run_20260807_140327,,charging,charging,100.0,22.0,96.74,0.0,0.0,0.0,0.0,49.604,26.1701
1786105182.7260213,run_20260807_140327,,charging,charging,100.0,22.0,96.74,0.0,0.0,0.0,0.0,49.604,26.1701
1786105185.8203743,run_20260807_140327,,charging,charging,100.0,22.0,96.74,0.0,0.0,0.0,0.0,49.604,26.1701
1786105189.0073411,run_20260807_140327,,charging,charging,100.0,22.0,96.74,0.0,0.0,0.0,0.0,49.604,26.1701
1786105191.928376,run_20260807_140327,,charging,charging,100.0,22.0,96.74,0.0,0.0,0.0,0.0,49.604,26.1701
1786105195.3971844,run_20260807_140327,,charging,charging,100.0,22.0,96.74,0.0,0.0,0.0,0.0,49.604,26.1701
1786105198.2806964,run_20260807_140327,,charging,charging,100.0,22.0,96.74,0.0,0.0,0.0,0.0,49.604,26.1701
1786105201.1621528,run_20260807_140327,,charging,charging,100.0,22.0,96.74,0.0,0.0,0.0,0.0,49.604,26.1701
1786105204.1215072,run_20260807_140327,,charging,charging,100.0,22.0,96.74,0.0,0.0,0.0,0.0,49.604,26.1701
1786105207.0588357,run_20260807_140327,,charging,charging,100.0,22.0,96.74,0.0,0.0,0.0,0.0,49.604,26.1701
1786105210.0118043,run_20260807_140327,,charging,charging,100.0,22.0,96.74,0.0,0.0,0.0,0.0,49.604,26.1701
1786105212.876551,run_20260807_140327,,charging,charging,100.0,22.0,96.74,0.0,0.0,0.0,0.0,49.604,26.1701
1786105215.9273157,run_20260807_140327,,charging,charging,100.0,22.0,96.74,0.0,0.0,0.0,0.0,49.604,26.1701
1786105219.2232084,run_20260807_140327,,charging,charging,100.0,22.0,96.74,0.0,0.0,0.0,0.0,49.604,26.1701
1786105222.1022573,run_20260807_140327,,charging,charging,100.0,22.0,96.74,0.0,0.0,0.0,0.0,49.604,26.1701
1786105225.088122,run_20260807_140327,,charging,charging,100.0,22.0,96.74,0.0,0.0,0.0,0.0,49.604,26.1701
1786105228.6768873,run_20260807_140327,,charging,charging,100.0,22.0,96.74,0.0,0.0,0.0,0.0,49.604,26.1701
1786105231.6819239,run_20260807_140327,,charging,charging,100.0,22.0,96.74,0.0,0.0,0.0,0.0,49.604,26.1701
1786105234.6525955,run_20260807_140327,,charging,charging,100.0,22.0,96.74,0.0,0.0,0.0,0.0,49.604,26.1701
1786105237.7900019,run_20260807_140327,,charging,charging,100.0,22.0,96.74,0.0,0.0,0.0,0.0,49.604,26.1701
1786105240.7136464,run_20260807_140327,,charging,charging,100.0,22.0,96.74,0.0,0.0,0.0,0.0,49.604,26.1701
1786105243.2323422,run_20260807_140327,,charging,charging,100.0,22.0,96.74,0.0,0.0,0.0,0.0,49.604,26.1701
1786105246.2409573,run_20260807_140327,,charging,charging,100.0,22.0,96.74,0.0,0.0,0.0,0.0,49.604,26.1701
1786105249.3590844,run_20260807_140327,,charging,charging,100.0,22.0,96.74,0.0,0.0,0.0,0.0,49.604,26.1701
1786105252.309076,run_20260807_140327,,charging,charging,100.0,22.0,96.74,0.0,0.0,0.0,0.0,49.604,26.1701
1786105255.159768,run_20260807_140327,,charging,charging,100.0,22.0,96.74,0.0,0.0,0.0,0.0,49.604,26.1701
1786105258.0918288,run_20260807_140327,,charging,charging,100.0,22.0,96.74,0.0,0.0,0.0,0.0,49.604,26.1701
1786105261.5799005,run_20260807_140327,,charging,charging,100.0,22.0,96.74,0.0,0.0,0.0,0.0,49.604,26.1701
1786105264.5219307,run_20260807_140327,,charging,charging,100.0,22.0,96.74,0.0,0.0,0.0,0.0,49.604,26.1701
1786105267.492012,run_20260807_140327,,charging,charging,100.0,22.0,96.74,0.0,0.0,0.0,0.0,49.604,26.1701
1786105270.3918889,run_20260807_140327,,charging,charging,100.0,22.0,96.74,0.0,0.0,0.0,0.0,49.604,26.1701
1786105273.2594328,run_20260807_140327,,charging,charging,100.0,22.0,96.74,0.0,0.0,0.0,0.0,49.604,26.1701
1786105276.3331318,run_20260807_140327,,charging,charging,100.0,22.0,96.74,0.0,0.0,0.0,0.0,49.604,26.1701
1786105279.4321277,run_20260807_140327,,charging,charging,100.0,22.0,96.74,0.0,0.0,0.0,0.0,49.604,26.1701
1786105282.3505256,run_20260807_140327,,charging,charging,100.0,22.0,96.74,0.0,0.0,0.0,0.0,49.604,26.1701
1786105285.3310063,run_20260807_140327,,charging,charging,100.0,22.0,96.74,0.0,0.0,0.0,0.0,49.604,26.1701
1786105288.1640537,run_20260807_140327,,charging,charging,100.0,22.0,96.74,0.0,0.0,0.0,0.0,49.604,26.1701
1786105291.1599545,run_20260807_140327,,charging,charging,100.0,22.0,96.74,0.0,0.0,0.0,0.0,49.604,26.1701
1786105294.7519944,run_20260807_140327,,charging,charging,100.0,22.0,96.74,0.0,0.0,0.0,0.0,49.604,26.1701
1786105297.713015,run_20260807_140327,,charging,charging,100.0,22.0,96.74,0.0,0.0,0.0,0.0,49.604,26.1701
1786105300.70996,run_20260807_140327,,charging,charging,100.0,22.0,96.74,0.0,0.0,0.0,0.0,49.604,26.1701
1786105303.6630766,run_20260807_140327,,charging,charging,100.0,22.0,96.74,0.0,0.0,0.0,0.0,49.604,26.1701
1786105307.115693,run_20260807_140327,,charging,charging,100.0,22.0,96.74,0.0,0.0,0.0,0.0,49.604,26.1701
1786105310.0749125,run_20260807_140327,,charging,charging,100.0,22.0,96.74,0.0,0.0,0.0,0.0,49.604,26.1701
1786105312.9092627,run_20260807_140327,,charging,charging,100.0,22.0,96.74,0.0,0.0,0.0,0.0,49.604,26.1701
1786105315.9148598,run_20260807_140327,,charging,charging,100.0,22.0,96.74,0.0,0.0,0.0,0.0,49.604,26.1701
1786105318.770564,run_20260807_140327,,charging,charging,100.0,22.0,96.74,0.0,0.0,0.0,0.0,49.604,26.1701
1786105321.7426755,run_20260807_140327,,charging,charging,100.0,22.0,96.74,0.0,0.0,0.0,0.0,49.604,26.1701
1786105325.1725698,run_20260807_140327,,charging,charging,100.0,22.0,96.74,0.0,0.0,0.0,0.0,49.604,26.1701
1786105328.004155,run_20260807_140327,,charging,charging,100.0,22.0,96.74,0.0,0.0,0.0,0.0,49.604,26.1701
1786105330.9322321,run_20260807_140327,,charging,charging,100.0,22.0,96.74,0.0,0.0,0.0,0.0,49.604,26.1701
1786105333.8063889,run_20260807_140327,,charging,charging,100.0,22.0,96.74,0.0,0.0,0.0,0.0,49.604,26.1701
1786105337.0284665,run_20260807_140327,,charging,charging,100.0,22.0,96.74,0.0,0.0,0.0,0.0,49.604,26.1701
1786105340.0731716,run_20260807_140327,,charging,charging,100.0,22.0,96.74,0.0,0.0,0.0,0.0,49.604,26.1701
1786105343.0256581,run_20260807_140327,,charging,charging,100.0,22.0,96.74,0.0,0.0,0.0,0.0,49.604,26.1701
1786105345.8924494,run_20260807_140327,,charging,charging,100.0,22.0,96.74,0.0,0.0,0.0,0.0,49.604,26.1701
1786105348.7756042,run_20260807_140327,,charging,charging,100.0,22.0,96.74,0.0,0.0,0.0,0.0,49.604,26.1701
1786105351.7026064,run_20260807_140327,,charging,charging,100.0,22.0,96.74,0.0,0.0,0.0,0.0,49.604,26.1701
1786105354.6531286,run_20260807_140327,,charging,charging,100.0,22.0,96.74,0.0,0.0,0.0,0.0,49.604,26.1701
1786105358.1383753,run_20260807_140327,,charging,charging,100.0,22.0,96.74,0.0,0.0,0.0,0.0,49.604,26.1701
1786105361.0644317,run_20260807_140327,,charging,charging,100.0,22.0,96.74,0.0,0.0,0.0,0.0,49.604,26.1701
1786105363.9902942,run_20260807_140327,,charging,charging,100.0,22.0,96.74,0.0,0.0,0.0,0.0,49.604,26.1701
1786105367.2361274,run_20260807_140327,,charging,charging,100.0,22.0,96.74,0.0,0.0,0.0,0.0,49.604,26.1701
1786105370.2363954,run_20260807_140327,,charging,charging,100.0,22.0,96.74,0.0,0.0,0.0,0.0,49.604,26.1701
1786105373.2056203,run_20260807_140327,,charging,charging,100.0,22.0,96.74,0.0,0.0,0.0,0.0,49.604,26.1701
1786105376.1224484,run_20260807_140327,,charging,charging,100.0,22.0,96.74,0.0,0.0,0.0,0.0,49.604,26.1701
1786105379.0513713,run_20260807_140327,,charging,charging,100.0,22.0,96.74,0.0,0.0,0.0,0.0,49.604,26.1701
1786105381.9918225,run_20260807_140327,,charging,charging,100.0,22.0,96.74,0.0,0.0,0.0,0.0,49.604,26.1701
1786105384.90807,run_20260807_140327,,charging,charging,100.0,22.0,96.74,0.0,0.0,0.0,0.0,49.604,26.1701
1786105387.881107,run_20260807_140327,,charging,charging,100.0,22.0,96.74,0.0,0.0,0.0,0.0,49.604,26.1701
1786105391.4270437,run_20260807_140327,,charging,charging,100.0,22.0,96.74,0.0,0.0,0.0,0.0,49.604,26.1701
1786105394.3343213,run_20260807_140327,,charging,charging,100.0,22.0,96.74,0.0,0.0,0.0,0.0,49.604,26.1701
1786105397.6887577,run_20260807_140327,,charging,charging,100.0,22.0,96.74,0.0,0.0,0.0,0.0,49.604,26.1701
1786105400.5296154,run_20260807_140327,,charging,charging,100.0,22.0,96.74,0.0,0.0,0.0,0.0,49.604,26.1701
1786105403.643569,run_20260807_140327,,charging,charging,100.0,22.0,96.74,0.0,0.0,0.0,0.0,49.604,26.1701
1786105406.575476,run_20260807_140327,,charging,charging,100.0,22.0,96.74,0.0,0.0,0.0,0.0,49.604,26.1701
1786105409.5387912,run_20260807_140327,,charging,charging,100.0,22.0,96.74,0.0,0.0,0.0,0.0,49.604,26.1701
1786105412.5197628,run_20260807_140327,,charging,charging,100.0,22.0,96.74,0.0,0.0,0.0,0.0,49.604,26.1701
1786105415.4818513,run_20260807_140327,,charging,charging,100.0,22.0,96.74,0.0,0.0,0.0,0.0,49.604,26.1701
1786105418.388918,run_20260807_140327,,charging,charging,100.0,22.0,96.74,0.0,0.0,0.0,0.0,49.604,26.1701
1786105421.4319265,run_20260807_140327,,charging,charging,100.0,22.0,96.74,0.0,0.0,0.0,0.0,49.604,26.1701
1786105424.8795502,run_20260807_140327,,charging,charging,100.0,22.0,96.74,0.0,0.0,0.0,0.0,49.604,26.1701
1786105428.0839477,run_20260807_140327,,charging,charging,100.0,22.0,96.74,0.0,0.0,0.0,0.0,49.604,26.1701
1786105430.9368293,run_20260807_140327,,charging,charging,100.0,22.0,96.74,0.0,0.0,0.0,0.0,49.604,26.1701
1786105433.8071127,run_20260807_140327,,charging,charging,100.0,22.0,96.74,0.0,0.0,0.0,0.0,49.604,26.1701
1786105436.7460756,run_20260807_140327,,charging,charging,100.0,22.0,96.74,0.0,0.0,0.0,0.0,49.604,26.1701
1786105439.634953,run_20260807_140327,,charging,charging,100.0,22.0,96.74,0.0,0.0,0.0,0.0,49.604,26.1701
1786105442.61533,run_20260807_140327,,charging,charging,100.0,22.0,96.74,0.0,0.0,0.0,0.0,49.604,26.1701
1786105445.703157,run_20260807_140327,,charging,charging,100.0,22.0,96.74,0.0,0.0,0.0,0.0,49.604,26.1701
1786105448.6115263,run_20260807_140327,,charging,charging,100.0,22.0,96.74,0.0,0.0,0.0,0.0,49.604,26.1701
1786105451.5329075,run_20260807_140327,,charging,charging,100.0,22.0,96.74,0.0,0.0,0.0,0.0,49.604,26.1701
1786105454.381911,run_20260807_140327,,charging,charging,100.0,22.0,96.74,0.0,0.0,0.0,0.0,49.604,26.1701
1786105458.3269815,run_20260807_140327,,charging,charging,100.0,22.0,96.74,0.0,0.0,0.0,0.0,49.604,26.1701
1786105461.2567027,run_20260807_140327,,charging,charging,100.0,22.0,96.74,0.0,0.0,0.0,0.0,49.604,26.1701
1786105464.1887453,run_20260807_140327,,charging,charging,100.0,22.0,96.74,0.0,0.0,0.0,0.0,49.604,26.1701
1786105467.1548014,run_20260807_140327,,charging,charging,100.0,22.0,96.74,0.0,0.0,0.0,0.0,49.604,26.1701
1786105470.0667713,run_20260807_140327,,charging,charging,100.0,22.0,96.74,0.0,0.0,0.0,0.0,49.604,26.1701
1786105472.9091146,run_20260807_140327,,charging,charging,100.0,22.0,96.74,0.0,0.0,0.0,0.0,49.604,26.1701
1786105475.7768512,run_20260807_140327,,charging,charging,100.0,22.0,96.74,0.0,0.0,0.0,0.0,49.604,26.1701
1786105478.6460948,run_20260807_140327,,charging,charging,100.0,22.0,96.74,0.0,0.0,0.0,0.0,49.604,26.1701
1786105481.5777686,run_20260807_140327,,charging,charging,100.0,22.0,96.74,0.0,0.0,0.0,0.0,49.604,26.1701
1786105484.532721,run_20260807_140327,,charging,charging,100.0,22.0,96.74,0.0,0.0,0.0,0.0,49.604,26.1701
1786105488.0763154,run_20260807_140327,,charging,charging,100.0,22.0,96.74,0.0,0.0,0.0,0.0,49.604,26.1701
1786105491.1961002,run_20260807_140327,,charging,charging,100.0,22.0,96.74,0.0,0.0,0.0,0.0,49.604,26.1701
1786105494.027501,run_20260807_140327,,charging,charging,100.0,22.0,96.74,0.0,0.0,0.0,0.0,49.604,26.1701
1786105496.9619913,run_20260807_140327,,charging,charging,100.0,22.0,96.74,0.0,0.0,0.0,0.0,49.604,26.1701
1786105500.0150154,run_20260807_140327,,charging,charging,100.0,22.0,96.74,0.0,0.0,0.0,0.0,49.604,26.1701
1786105503.4542875,run_20260807_140327,,charging,charging,100.0,22.0,96.74,0.0,0.0,0.0,0.0,49.604,26.1701
1786105507.2282166,run_20260807_140327,,charging,charging,100.0,22.0,96.74,0.0,0.0,0.0,0.0,49.604,26.1701
1786105510.2333903,run_20260807_140327,,charging,charging,100.0,22.0,96.74,0.0,0.0,0.0,0.0,49.604,26.1701
1786105513.1350787,run_20260807_140327,,charging,charging,100.0,22.0,96.74,0.0,0.0,0.0,0.0,49.604,26.1701
1786105516.1782758,run_20260807_140327,,charging,charging,100.0,22.0,96.74,0.0,0.0,0.0,0.0,49.604,26.1701
1786105519.344474,run_20260807_140327,,charging,charging,100.0,22.0,96.74,0.0,0.0,0.0,0.0,49.604,26.1701
1786105522.2631223,run_20260807_140327,,charging,charging,100.0,22.0,96.74,0.0,0.0,0.0,0.0,49.604,26.1701
1786105525.1282263,run_20260807_140327,,charging,charging,100.0,22.0,96.74,0.0,0.0,0.0,0.0,49.604,26.1701
1786105528.0799768,run_20260807_140327,,charging,charging,100.0,22.0,96.74,0.0,0.0,0.0,0.0,49.604,26.1701
1786105530.9357827,run_20260807_140327,,charging,charging,100.0,22.0,96.74,0.0,0.0,0.0,0.0,49.604,26.1701
1786105533.7048783,run_20260807_140327,,charging,charging,100.0,22.0,96.74,0.0,0.0,0.0,0.0,49.604,26.1701
1786105536.7409766,run_20260807_140327,,charging,charging,100.0,22.0,96.74,0.0,0.0,0.0,0.0,49.604,26.1701
1786105540.183677,run_20260807_140327,,charging,charging,100.0,22.0,96.74,0.0,0.0,0.0,0.0,49.604,26.1701
1786105543.2338386,run_20260807_140327,,charging,charging,100.0,22.0,96.74,0.0,0.0,0.0,0.0,49.604,26.1701
1786105546.230902,run_20260807_140327,,charging,charging,100.0,22.0,96.74,0.0,0.0,0.0,0.0,49.604,26.1701
1786105549.436092,run_20260807_140327,,charging,charging,100.0,22.0,96.74,0.0,0.0,0.0,0.0,49.604,26.1701
1786105552.2186983,run_20260807_140327,,charging,charging,100.0,22.0,96.74,0.0,0.0,0.0,0.0,49.604,26.1701
1786105555.182225,run_20260807_140327,,charging,charging,100.0,22.0,96.74,0.0,0.0,0.0,0.0,49.604,26.1701
1786105558.0198338,run_20260807_140327,,charging,charging,100.0,22.0,96.74,0.0,0.0,0.0,0.0,49.604,26.1701
1786105561.0263805,run_20260807_140327,,charging,charging,100.0,22.0,96.74,0.0,0.0,0.0,0.0,49.604,26.1701
1786105563.9154525,run_20260807_140327,,charging,charging,100.0,22.0,96.74,0.0,0.0,0.0,0.0,49.604,26.1701
1786105566.7569525,run_20260807_140327,,charging,charging,100.0,22.0,96.74,0.0,0.0,0.0,0.0,49.604,26.1701
1786105569.5599394,run_20260807_140327,,charging,charging,100.0,22.0,96.74,0.0,0.0,0.0,0.0,49.604,26.1701
1786105573.5081415,run_20260807_140327,,charging,charging,100.0,22.0,96.74,0.0,0.0,0.0,0.0,49.604,26.1701
1786105576.8333895,run_20260807_140327,,charging,charging,100.0,22.0,96.74,0.0,0.0,0.0,0.0,49.604,26.1701
1786105579.9256864,run_20260807_140327,,charging,charging,100.0,22.0,96.74,0.0,0.0,0.0,0.0,49.604,26.1701
1786105582.68932,run_20260807_140327,,charging,charging,100.0,22.0,96.74,0.0,0.0,0.0,0.0,49.604,26.1701
1786105585.5567715,run_20260807_140327,,charging,charging,100.0,22.0,96.74,0.0,0.0,0.0,0.0,49.604,26.1701
1786105588.441729,run_20260807_140327,,charging,charging,100.0,22.0,96.74,0.0,0.0,0.0,0.0,49.604,26.1701
1786105591.2821858,run_20260807_140327,,charging,charging,100.0,22.0,96.74,0.0,0.0,0.0,0.0,49.604,26.1701
1786105594.1856716,run_20260807_140327,,charging,charging,100.0,22.0,96.74,0.0,0.0,0.0,0.0,49.604,26.1701
1786105597.0677156,run_20260807_140327,,charging,charging,100.0,22.0,96.74,0.0,0.0,0.0,0.0,49.604,26.1701
1786105600.1192353,run_20260807_140327,,charging,charging,100.0,22.0,96.74,0.0,0.0,0.0,0.0,49.604,26.1701
1786105604.4530225,run_20260807_140327,,charging,charging,100.0,22.0,96.74,0.0,0.0,0.0,0.0,49.604,26.1701
1786105607.4867013,run_20260807_140327,,charging,charging,100.0,22.0,96.74,0.0,0.0,0.0,0.0,49.604,26.1701
1786105610.2054625,run_20260807_140327,,charging,charging,100.0,22.0,96.74,0.0,0.0,0.0,0.0,49.604,26.1701
1786105612.9577231,run_20260807_140327,,charging,charging,100.0,22.0,96.74,0.0,0.0,0.0,0.0,49.604,26.1701
1786105616.0783346,run_20260807_140327,,charging,charging,100.0,22.0,96.74,0.0,0.0,0.0,0.0,49.604,26.1701
1786105618.7218397,run_20260807_140327,,charging,charging,100.0,22.0,96.74,0.0,0.0,0.0,0.0,49.604,26.1701
1786105621.07786,run_20260807_140327,,charging,charging,100.0,22.0,96.74,0.0,0.0,0.0,0.0,49.604,26.1701
1786105623.6902447,run_20260807_140327,,charging,charging,100.0,22.0,96.74,0.0,0.0,0.0,0.0,49.604,26.1701
1786105626.322005,run_20260807_140327,,charging,charging,100.0,22.0,96.74,0.0,0.0,0.0,0.0,49.604,26.1701
1786105628.8920798,run_20260807_140327,,charging,charging,100.0,22.0,96.74,0.0,0.0,0.0,0.0,49.604,26.1701
1786105631.7679944,run_20260807_140327,,charging,charging,100.0,22.0,96.74,0.0,0.0,0.0,0.0,49.604,26.1701
1786105634.6861668,run_20260807_140327,,charging,charging,100.0,22.0,96.74,0.0,0.0,0.0,0.0,49.604,26.1701
1786105638.4466593,run_20260807_140327,,charging,charging,100.0,22.0,96.74,0.0,0.0,0.0,0.0,49.604,26.1701
1786105641.320079,run_20260807_140327,,charging,charging,100.0,22.0,96.74,0.0,0.0,0.0,0.0,49.604,26.1701
1786105643.9302208,run_20260807_140327,,charging,charging,100.0,22.0,96.74,0.0,0.0,0.0,0.0,49.604,26.1701
1786105646.9795954,run_20260807_140327,,charging,charging,100.0,22.0,96.74,0.0,0.0,0.0,0.0,49.604,26.1701
1786105649.726431,run_20260807_140327,,charging,charging,100.0,22.0,96.74,0.0,0.0,0.0,0.0,49.604,26.1701
1786105652.244029,run_20260807_140327,,charging,charging,100.0,22.0,96.74,0.0,0.0,0.0,0.0,49.604,26.1701
1786105655.2914503,run_20260807_140327,,charging,charging,100.0,22.0,96.74,0.0,0.0,0.0,0.0,49.604,26.1701
1786105658.1326256,run_20260807_140327,,charging,charging,100.0,22.0,96.74,0.0,0.0,0.0,0.0,49.604,26.1701
1786105660.763356,run_20260807_140327,,charging,charging,100.0,22.0,96.74,0.0,0.0,0.0,0.0,49.604,26.1701
1786105663.4605317,run_20260807_140327,,charging,charging,100.0,22.0,96.74,0.0,0.0,0.0,0.0,49.604,26.1701
1786105666.731252,run_20260807_140327,,charging,charging,100.0,22.0,96.74,0.0,0.0,0.0,0.0,49.604,26.1701
1786105670.130421,run_20260807_140327,,charging,charging,100.0,22.0,96.74,0.0,0.0,0.0,0.0,49.604,26.1701
1786105672.654906,run_20260807_140327,,charging,charging,100.0,22.0,96.74,0.0,0.0,0.0,0.0,49.604,26.1701
1786105675.499871,run_20260807_140327,,charging,charging,100.0,22.0,96.74,0.0,0.0,0.0,0.0,49.604,26.1701
1786105678.1214604,run_20260807_140327,,charging,charging,100.0,22.0,96.74,0.0,0.0,0.0,0.0,49.604,26.1701
1786105680.7996237,run_20260807_140327,,charging,charging,100.0,22.0,96.74,0.0,0.0,0.0,0.0,49.604,26.1701
1786105683.5135984,run_20260807_140327,,charging,charging,100.0,22.0,96.74,0.0,0.0,0.0,0.0,49.604,26.1701
1786105686.1100235,run_20260807_140327,,charging,charging,100.0,22.0,96.74,0.0,0.0,0.0,0.0,49.604,26.1701
1786105688.5704634,run_20260807_140327,,charging,charging,100.0,22.0,96.74,0.0,0.0,0.0,0.0,49.604,26.1701
1786105691.0189893,run_20260807_140327,,charging,charging,100.0,22.0,96.74,0.0,0.0,0.0,0.0,49.604,26.1701
1786105693.4179919,run_20260807_140327,,charging,charging,100.0,22.0,96.74,0.0,0.0,0.0,0.0,49.604,26.1701
1786105696.092542,run_20260807_140327,,charging,charging,100.0,22.0,96.74,0.0,0.0,0.0,0.0,49.604,26.1701
1786105698.901897,run_20260807_140327,,charging,charging,100.0,22.0,96.74,0.0,0.0,0.0,0.0,49.604,26.1701
1786105701.6349797,run_20260807_140327,,charging,charging,100.0,22.0,96.74,0.0,0.0,0.0,0.0,49.604,26.1701
1786105705.1145499,run_20260807_140327,,charging,charging,100.0,22.0,96.74,0.0,0.0,0.0,0.0,49.604,26.1701
1786105707.7550328,run_20260807_140327,,charging,charging,100.0,22.0,96.74,0.0,0.0,0.0,0.0,49.604,26.1701
1786105710.5800755,run_20260807_140327,,charging,charging,100.0,22.0,96.74,0.0,0.0,0.0,0.0,49.604,26.1701
1786105713.5245664,run_20260807_140327,,charging,charging,100.0,22.0,96.74,0.0,0.0,0.0,0.0,49.604,26.1701
1786105716.2961452,run_20260807_140327,,charging,charging,100.0,22.0,96.74,0.0,0.0,0.0,0.0,49.604,26.1701
1786105718.9863946,run_20260807_140327,,charging,charging,100.0,22.0,96.74,0.0,0.0,0.0,0.0,49.604,26.1701
1786105721.5721512,run_20260807_140327,,charging,charging,100.0,22.0,96.74,0.0,0.0,0.0,0.0,49.604,26.1701
1786105724.1858783,run_20260807_140327,,charging,charging,100.0,22.0,96.74,0.0,0.0,0.0,0.0,49.604,26.1701
1786105727.0765307,run_20260807_140327,,charging,charging,100.0,22.0,96.74,0.0,0.0,0.0,0.0,49.604,26.1701
1786105729.6690938,run_20260807_140327,,charging,charging,100.0,22.0,96.74,0.0,0.0,0.0,0.0,49.604,26.1701
1786105732.2304835,run_20260807_140327,,charging,charging,100.0,22.0,96.74,0.0,0.0,0.0,0.0,49.604,26.1701
1786105734.819368,run_20260807_140327,,charging,charging,100.0,22.0,96.74,0.0,0.0,0.0,0.0,49.604,26.1701
1786105738.1097758,run_20260807_140327,,charging,charging,100.0,22.0,96.74,0.0,0.0,0.0,0.0,49.604,26.1701
1786105740.9360301,run_20260807_140327,,charging,charging,100.0,22.0,96.74,0.0,0.0,0.0,0.0,49.604,26.1701
1786105743.733403,run_20260807_140327,,charging,charging,100.0,22.0,96.74,0.0,0.0,0.0,0.0,49.604,26.1701
1786105746.5917387,run_20260807_140327,,charging,charging,100.0,22.0,96.74,0.0,0.0,0.0,0.0,49.604,26.1701
1786105749.4880764,run_20260807_140327,,charging,charging,100.0,22.0,96.74,0.0,0.0,0.0,0.0,49.604,26.1701
1786105752.3142555,run_20260807_140327,,charging,charging,100.0,22.0,96.74,0.0,0.0,0.0,0.0,49.604,26.1701
1786105755.1241932,run_20260807_140327,,charging,charging,100.0,22.0,96.74,0.0,0.0,0.0,0.0,49.604,26.1701
1786105758.3008854,run_20260807_140327,,charging,charging,100.0,22.0,96.74,0.0,0.0,0.0,0.0,49.604,26.1701
1786105761.1706953,run_20260807_140327,,charging,charging,100.0,22.0,96.74,0.0,0.0,0.0,0.0,49.604,26.1701
1786105764.0336783,run_20260807_140327,,charging,charging,100.0,22.0,96.74,0.0,0.0,0.0,0.0,49.604,26.1701
1786105766.926835,run_20260807_140327,,charging,charging,100.0,22.0,96.74,0.0,0.0,0.0,0.0,49.604,26.1701
1786105770.778299,run_20260807_140327,,charging,charging,100.0,22.0,96.74,0.0,0.0,0.0,0.0,49.604,26.1701
1786105773.6482406,run_20260807_140327,,charging,charging,100.0,22.0,96.74,0.0,0.0,0.0,0.0,49.604,26.1701
1786105776.5733135,run_20260807_140327,,charging,charging,100.0,22.0,96.74,0.0,0.0,0.0,0.0,49.604,26.1701
1786105779.5020747,run_20260807_140327,,charging,charging,100.0,22.0,96.74,0.0,0.0,0.0,0.0,49.604,26.1701
1786105782.3946006,run_20260807_140327,,charging,charging,100.0,22.0,96.74,0.0,0.0,0.0,0.0,49.604,26.1701
1786105785.3153174,run_20260807_140327,,charging,charging,100.0,22.0,96.74,0.0,0.0,0.0,0.0,49.604,26.1701
1786105788.3848894,run_20260807_140327,,charging,charging,100.0,22.0,96.74,0.0,0.0,0.0,0.0,49.604,26.1701
1786105791.2910042,run_20260807_140327,,charging,charging,100.0,22.0,96.74,0.0,0.0,0.0,0.0,49.604,26.1701
1786105794.2113907,run_20260807_140327,,charging,charging,100.0,22.0,96.74,0.0,0.0,0.0,0.0,49.604,26.1701
1786105797.1484265,run_20260807_140327,,charging,charging,100.0,22.0,96.74,0.0,0.0,0.0,0.0,49.604,26.1701
1786105800.044168,run_20260807_140327,,charging,charging,100.0,22.0,96.74,0.0,0.0,0.0,0.0,49.604,26.1701
1786105803.650903,run_20260807_140327,,charging,charging,100.0,22.0,96.74,0.0,0.0,0.0,0.0,49.604,26.1701
1786105806.4967744,run_20260807_140327,,charging,charging,100.0,22.0,96.74,0.0,0.0,0.0,0.0,49.604,26.1701
1786105809.3310688,run_20260807_140327,,charging,charging,100.0,22.0,96.74,0.0,0.0,0.0,0.0,49.604,26.1701
1786105812.1891594,run_20260807_140327,,charging,charging,100.0,22.0,96.74,0.0,0.0,0.0,0.0,49.604,26.1701
1786105814.942817,run_20260807_140327,,charging,charging,100.0,22.0,96.74,0.0,0.0,0.0,0.0,49.604,26.1701
1786105818.193324,run_20260807_140327,,charging,charging,100.0,22.0,96.74,0.0,0.0,0.0,0.0,49.604,26.1701
1786105821.1207507,run_20260807_140327,,charging,charging,100.0,22.0,96.74,0.0,0.0,0.0,0.0,49.604,26.1701
1786105824.043888,run_20260807_140327,,charging,charging,100.0,22.0,96.74,0.0,0.0,0.0,0.0,49.604,26.1701
1786105826.9031558,run_20260807_140327,,charging,charging,100.0,22.0,96.74,0.0,0.0,0.0,0.0,49.604,26.1701
1786105829.7701995,run_20260807_140327,,charging,charging,100.0,22.0,96.74,0.0,0.0,0.0,0.0,49.604,26.1701
1786105832.641655,run_20260807_140327,,charging,charging,100.0,22.0,96.74,0.0,0.0,0.0,0.0,49.604,26.1701
1786105836.2932746,run_20260807_140327,,charging,charging,100.0,22.0,96.74,0.0,0.0,0.0,0.0,49.604,26.1701
1786105839.1309211,run_20260807_140327,,charging,charging,100.0,22.0,96.74,0.0,0.0,0.0,0.0,49.604,26.1701
1786105841.9663138,run_20260807_140327,,charging,charging,100.0,22.0,96.74,0.0,0.0,0.0,0.0,49.604,26.1701
1786105844.787053,run_20260807_140327,,charging,charging,100.0,22.0,96.74,0.0,0.0,0.0,0.0,49.604,26.1701
1786105847.906873,run_20260807_140327,,charging,charging,100.0,22.0,96.74,0.0,0.0,0.0,0.0,49.604,26.1701
1786105850.770092,run_20260807_140327,,charging,charging,100.0,22.0,96.74,0.0,0.0,0.0,0.0,49.604,26.1701
1786105853.6802454,run_20260807_140327,,charging,charging,100.0,22.0,96.74,0.0,0.0,0.0,0.0,49.604,26.1701
1786105856.526256,run_20260807_140327,,charging,charging,100.0,22.0,96.74,0.0,0.0,0.0,0.0,49.604,26.1701
1786105859.321235,run_20260807_140327,,charging,charging,100.0,22.0,96.74,0.0,0.0,0.0,0.0,49.604,26.1701
1786105862.192442,run_20260807_140327,,charging,charging,100.0,22.0,96.74,0.0,0.0,0.0,0.0,49.604,26.1701
1786105865.0398886,run_20260807_140327,,charging,charging,100.0,22.0,96.74,0.0,0.0,0.0,0.0,49.604,26.1701
1786105868.6613123,run_20260807_140327,,charging,charging,100.0,22.0,96.74,0.0,0.0,0.0,0.0,49.604,26.1701
1786105871.553749,run_20260807_140327,,charging,charging,100.0,22.0,96.74,0.0,0.0,0.0,0.0,49.604,26.1701
1786105874.3622992,run_20260807_140327,,charging,charging,100.0,22.0,96.74,0.0,0.0,0.0,0.0,49.604,26.1701
1786105877.4758427,run_20260807_140327,,charging,charging,100.0,22.0,96.74,0.0,0.0,0.0,0.0,49.604,26.1701
1786105880.2794366,run_20260807_140327,,charging,charging,100.0,22.0,96.74,0.0,0.0,0.0,0.0,49.604,26.1701
1786105883.136378,run_20260807_140327,,charging,charging,100.0,22.0,96.74,0.0,0.0,0.0,0.0,49.604,26.1701
1786105885.9438076,run_20260807_140327,,charging,charging,100.0,22.0,96.74,0.0,0.0,0.0,0.0,49.604,26.1701
1786105888.7816093,run_20260807_140327,,charging,charging,100.0,22.0,96.74,0.0,0.0,0.0,0.0,49.604,26.1701
1786105891.513696,run_20260807_140327,,charging,charging,100.0,22.0,96.74,0.0,0.0,0.0,0.0,49.604,26.1701
1786105894.3036866,run_20260807_140327,,charging,charging,100.0,22.0,96.74,0.0,0.0,0.0,0.0,49.604,26.1701
1786105897.4418013,run_20260807_140327,,charging,charging,100.0,22.0,96.74,0.0,0.0,0.0,0.0,49.604,26.1701
1786105901.6042032,run_20260807_140327,,charging,charging,100.0,22.0,96.74,0.0,0.0,0.0,0.0,49.604,26.1701
1786105904.6658008,run_20260807_140327,,charging,charging,100.0,22.0,96.74,0.0,0.0,0.0,0.0,49.604,26.1701
1786105907.9830441,run_20260807_140327,,charging,charging,100.0,22.0,96.74,0.0,0.0,0.0,0.0,49.604,26.1701
1786105910.849217,run_20260807_140327,,charging,charging,100.0,22.0,96.74,0.0,0.0,0.0,0.0,49.604,26.1701
1786105913.6216042,run_20260807_140327,,charging,charging,100.0,22.0,96.74,0.0,0.0,0.0,0.0,49.604,26.1701
1786105916.4634733,run_20260807_140327,,charging,charging,100.0,22.0,96.74,0.0,0.0,0.0,0.0,49.604,26.1701
1786105919.285493,run_20260807_140327,,charging,charging,100.0,22.0,96.74,0.0,0.0,0.0,0.0,49.604,26.1701
1786105922.212603,run_20260807_140327,,charging,charging,100.0,22.0,96.74,0.0,0.0,0.0,0.0,49.604,26.1701
1786105924.9744399,run_20260807_140327,,charging,charging,100.0,22.0,96.74,0.0,0.0,0.0,0.0,49.604,26.1701
1786105927.7360878,run_20260807_140327,,charging,charging,100.0,22.0,96.74,0.0,0.0,0.0,0.0,49.604,26.1701
1786105930.5642161,run_20260807_140327,,charging,charging,100.0,22.0,96.74,0.0,0.0,0.0,0.0,49.604,26.1701
1786105934.3290436,run_20260807_140327,,charging,charging,100.0,22.0,96.74,0.0,0.0,0.0,0.0,49.604,26.1701
1786105937.5252438,run_20260807_140327,,charging,charging,100.0,22.0,96.74,0.0,0.0,0.0,0.0,49.604,26.1701
1786105940.3636699,run_20260807_140327,,charging,charging,100.0,22.0,96.74,0.0,0.0,0.0,0.0,49.604,26.1701
1786105943.2416933,run_20260807_140327,,charging,charging,100.0,22.0,96.74,0.0,0.0,0.0,0.0,49.604,26.1701
1786105946.1045177,run_20260807_140327,,charging,charging,100.0,22.0,96.74,0.0,0.0,0.0,0.0,49.604,26.1701
1786105948.9917278,run_20260807_140327,,charging,charging,100.0,22.0,96.74,0.0,0.0,0.0,0.0,49.604,26.1701
1786105951.854506,run_20260807_140327,,charging,charging,100.0,22.0,96.74,0.0,0.0,0.0,0.0,49.604,26.1701
1786105954.6293368,run_20260807_140327,,charging,charging,100.0,22.0,96.74,0.0,0.0,0.0,0.0,49.604,26.1701
1786105957.5397332,run_20260807_140327,,charging,charging,100.0,22.0,96.74,0.0,0.0,0.0,0.0,49.604,26.1701
1786105960.4714353,run_20260807_140327,,charging,charging,100.0,22.0,96.74,0.0,0.0,0.0,0.0,49.604,26.1701
1786105963.242757,run_20260807_140327,,charging,charging,100.0,22.0,96.74,0.0,0.0,0.0,0.0,49.604,26.1701
1786105967.2189624,run_20260807_140327,,charging,charging,100.0,22.0,96.74,0.0,0.0,0.0,0.0,49.604,26.1701
1786105970.1065319,run_20260807_140327,,charging,charging,100.0,22.0,96.74,0.0,0.0,0.0,0.0,49.604,26.1701
1786105973.0221481,run_20260807_140327,,charging,charging,100.0,22.0,96.74,0.0,0.0,0.0,0.0,49.604,26.1701
1786105975.8547468,run_20260807_140327,,charging,charging,100.0,22.0,96.74,0.0,0.0,0.0,0.0,49.604,26.1701
1786105978.3368564,run_20260807_140327,,charging,charging,100.0,22.0,96.74,0.0,0.0,0.0,0.0,49.604,26.1701
1786105980.9348485,run_20260807_140327,,charging,charging,100.0,22.0,96.74,0.0,0.0,0.0,0.0,49.604,26.1701
1786105983.5137641,run_20260807_140327,,charging,charging,100.0,22.0,96.74,0.0,0.0,0.0,0.0,49.604,26.1701
1786105986.02823,run_20260807_140327,,charging,charging,100.0,22.0,96.74,0.0,0.0,0.0,0.0,49.604,26.1701
1786105989.114778,run_20260807_140327,,charging,charging,100.0,22.0,96.74,0.0,0.0,0.0,0.0,49.604,26.1701
1786105991.9386373,run_20260807_140327,,charging,charging,100.0,22.0,96.74,0.0,0.0,0.0,0.0,49.604,26.1701
1786105994.5073993,run_20260807_140327,,charging,charging,100.0,22.0,96.74,0.0,0.0,0.0,0.0,49.604,26.1701
1786105998.018598,run_20260807_140327,,charging,charging,100.0,22.0,96.74,0.0,0.0,0.0,0.0,49.604,26.1701
1786106001.5051775,run_20260807_140327,,charging,charging,100.0,22.0,96.74,0.0,0.0,0.0,0.0,49.604,26.1701
1786106004.1072123,run_20260807_140327,,charging,charging,100.0,22.0,96.74,0.0,0.0,0.0,0.0,49.604,26.1701
1786106006.6336973,run_20260807_140327,,charging,charging,100.0,22.0,96.74,0.0,0.0,0.0,0.0,49.604,26.1701
1786106009.0899694,run_20260807_140327,,charging,charging,100.0,22.0,96.74,0.0,0.0,0.0,0.0,49.604,26.1701
1786106011.60736,run_20260807_140327,,charging,charging,100.0,22.0,96.74,0.0,0.0,0.0,0.0,49.604,26.1701
1786106014.0907643,run_20260807_140327,,charging,charging,100.0,22.0,96.74,0.0,0.0,0.0,0.0,49.604,26.1701
1786106016.579892,run_20260807_140327,,charging,charging,100.0,22.0,96.74,0.0,0.0,0.0,0.0,49.604,26.1701
1786106019.0059216,run_20260807_140327,,charging,charging,100.0,22.0,96.74,0.0,0.0,0.0,0.0,49.604,26.1701
1786106021.5588882,run_20260807_140327,,charging,charging,100.0,22.0,96.74,0.0,0.0,0.0,0.0,49.604,26.1701
1786106023.972617,run_20260807_140327,,charging,charging,100.0,22.0,96.74,0.0,0.0,0.0,0.0,49.604,26.1701
